"Laikotarpis","Rodiklis","Administracinė teritorija","Gyvenamoji vietovė","Matavimo vienetai","Reikšmė"
"2019","Nuolatinių gyventojų skaičius metų pradžioje","Lietuvos Respublika","Miestas ir kaimas","asmenys","2794184"
"2020","Nuolatinių gyventojų skaičius metų pradžioje","Lietuvos Respublika","Miestas ir kaimas","asmenys","2794090"
"2021","Nuolatinių gyventojų skaičius metų pradžioje","Lietuvos Respublika","Miestas ir kaimas","asmenys","2810761"
"2022","Nuolatinių gyventojų skaičius metų pradžioje","Lietuvos Respublika","Miestas ir kaimas","asmenys","2805998"
"2023","Nuolatinių gyventojų skaičius metų pradžioje","Lietuvos Respublika","Miestas ir kaimas","asmenys","2860002"
"2019","Nuolatinių gyventojų skaičius metų pradžioje","Sostinės regionas","Miestas ir kaimas","asmenys","810538"
"2020","Nuolatinių gyventojų skaičius metų pradžioje","Sostinės regionas","Miestas ir kaimas","asmenys","820511"
"2021","Nuolatinių gyventojų skaičius metų pradžioje","Sostinės regionas","Miestas ir kaimas","asmenys","810797"
"2022","Nuolatinių gyventojų skaičius metų pradžioje","Sostinės regionas","Miestas ir kaimas","asmenys","817950"
"2023","Nuolatinių gyventojų skaičius metų pradžioje","Sostinės regionas","Miestas ir kaimas","asmenys","851346"
"2019","Nuolatinių gyventojų skaičius metų pradžioje","Vilniaus apskritis","Miestas ir kaimas","asmenys","810538"
"2020","Nuolatinių gyventojų skaičius metų pradžioje","Vilniaus apskritis","Miestas ir kaimas","asmenys","820511"
"2021","Nuolatinių gyventojų skaičius metų pradžioje","Vilniaus apskritis","Miestas ir kaimas","asmenys","810797"
"2022","Nuolatinių gyventojų skaičius metų pradžioje","Vilniaus apskritis","Miestas ir kaimas","asmenys","817950"
"2023","Nuolatinių gyventojų skaičius metų pradžioje","Vilniaus apskritis","Miestas ir kaimas","asmenys","851346"
"2019","Nuolatinių gyventojų skaičius metų pradžioje","Elektrėnų sav.","Miestas ir kaimas","asmenys","23687"
"2020","Nuolatinių gyventojų skaičius metų pradžioje","Elektrėnų sav.","Miestas ir kaimas","asmenys","23984"
"2021","Nuolatinių gyventojų skaičius metų pradžioje","Elektrėnų sav.","Miestas ir kaimas","asmenys","23376"
"2022","Nuolatinių gyventojų skaičius metų pradžioje","Elektrėnų sav.","Miestas ir kaimas","asmenys","23521"
"2023","Nuolatinių gyventojų skaičius metų pradžioje","Elektrėnų sav.","Miestas ir kaimas","asmenys","23873"
"2019","Nuolatinių gyventojų skaičius metų pradžioje","Šalčininkų r. sav.","Miestas ir kaimas","asmenys","31031"
"2020","Nuolatinių gyventojų skaičius metų pradžioje","Šalčininkų r. sav.","Miestas ir kaimas","asmenys","30521"
"2021","Nuolatinių gyventojų skaičius metų pradžioje","Šalčininkų r. sav.","Miestas ir kaimas","asmenys","30052"
"2022","Nuolatinių gyventojų skaičius metų pradžioje","Šalčininkų r. sav.","Miestas ir kaimas","asmenys","29699"
"2023","Nuolatinių gyventojų skaičius metų pradžioje","Šalčininkų r. sav.","Miestas ir kaimas","asmenys","29342"
"2019","Nuolatinių gyventojų skaičius metų pradžioje","Širvintų r. sav.","Miestas ir kaimas","asmenys","15355"
"2020","Nuolatinių gyventojų skaičius metų pradžioje","Širvintų r. sav.","Miestas ir kaimas","asmenys","15072"
"2021","Nuolatinių gyventojų skaičius metų pradžioje","Širvintų r. sav.","Miestas ir kaimas","asmenys","15023"
"2022","Nuolatinių gyventojų skaičius metų pradžioje","Širvintų r. sav.","Miestas ir kaimas","asmenys","14889"
"2023","Nuolatinių gyventojų skaičius metų pradžioje","Širvintų r. sav.","Miestas ir kaimas","asmenys","14816"
"2019","Nuolatinių gyventojų skaičius metų pradžioje","Švenčionių r. sav.","Miestas ir kaimas","asmenys","23392"
"2020","Nuolatinių gyventojų skaičius metų pradžioje","Švenčionių r. sav.","Miestas ir kaimas","asmenys","22929"
"2021","Nuolatinių gyventojų skaičius metų pradžioje","Švenčionių r. sav.","Miestas ir kaimas","asmenys","22966"
"2022","Nuolatinių gyventojų skaičius metų pradžioje","Švenčionių r. sav.","Miestas ir kaimas","asmenys","22478"
"2023","Nuolatinių gyventojų skaičius metų pradžioje","Švenčionių r. sav.","Miestas ir kaimas","asmenys","22265"
"2019","Nuolatinių gyventojų skaičius metų pradžioje","Trakų r. sav.","Miestas ir kaimas","asmenys","32558"
"2020","Nuolatinių gyventojų skaičius metų pradžioje","Trakų r. sav.","Miestas ir kaimas","asmenys","32541"
"2021","Nuolatinių gyventojų skaičius metų pradžioje","Trakų r. sav.","Miestas ir kaimas","asmenys","32042"
"2022","Nuolatinių gyventojų skaičius metų pradžioje","Trakų r. sav.","Miestas ir kaimas","asmenys","32322"
"2023","Nuolatinių gyventojų skaičius metų pradžioje","Trakų r. sav.","Miestas ir kaimas","asmenys","33437"
"2019","Nuolatinių gyventojų skaičius metų pradžioje","Ukmergės r. sav.","Miestas ir kaimas","asmenys","33928"
"2020","Nuolatinių gyventojų skaičius metų pradžioje","Ukmergės r. sav.","Miestas ir kaimas","asmenys","33482"
"2021","Nuolatinių gyventojų skaičius metų pradžioje","Ukmergės r. sav.","Miestas ir kaimas","asmenys","34553"
"2022","Nuolatinių gyventojų skaičius metų pradžioje","Ukmergės r. sav.","Miestas ir kaimas","asmenys","34028"
"2023","Nuolatinių gyventojų skaičius metų pradžioje","Ukmergės r. sav.","Miestas ir kaimas","asmenys","34038"
"2019","Nuolatinių gyventojų skaičius metų pradžioje","Vilniaus m. sav.","Miestas ir kaimas","asmenys","552131"
"2020","Nuolatinių gyventojų skaičius metų pradžioje","Vilniaus m. sav.","Miestas ir kaimas","asmenys","561836"
"2021","Nuolatinių gyventojų skaičius metų pradžioje","Vilniaus m. sav.","Miestas ir kaimas","asmenys","556490"
"2022","Nuolatinių gyventojų skaičius metų pradžioje","Vilniaus m. sav.","Miestas ir kaimas","asmenys","563012"
"2023","Nuolatinių gyventojų skaičius metų pradžioje","Vilniaus m. sav.","Miestas ir kaimas","asmenys","591632"
"2019","Nuolatinių gyventojų skaičius metų pradžioje","Vilniaus r. sav.","Miestas ir kaimas","asmenys","98456"
"2020","Nuolatinių gyventojų skaičius metų pradžioje","Vilniaus r. sav.","Miestas ir kaimas","asmenys","100146"
"2021","Nuolatinių gyventojų skaičius metų pradžioje","Vilniaus r. sav.","Miestas ir kaimas","asmenys","96295"
"2022","Nuolatinių gyventojų skaičius metų pradžioje","Vilniaus r. sav.","Miestas ir kaimas","asmenys","98001"
"2023","Nuolatinių gyventojų skaičius metų pradžioje","Vilniaus r. sav.","Miestas ir kaimas","asmenys","101943"
"2019","Nuolatinių gyventojų skaičius metų pradžioje","Vidurio ir vakarų Lietuvos regionas","Miestas ir kaimas","asmenys","1983646"
"2020","Nuolatinių gyventojų skaičius metų pradžioje","Vidurio ir vakarų Lietuvos regionas","Miestas ir kaimas","asmenys","1973579"
"2021","Nuolatinių gyventojų skaičius metų pradžioje","Vidurio ir vakarų Lietuvos regionas","Miestas ir kaimas","asmenys","1999964"
"2022","Nuolatinių gyventojų skaičius metų pradžioje","Vidurio ir vakarų Lietuvos regionas","Miestas ir kaimas","asmenys","1988048"
"2023","Nuolatinių gyventojų skaičius metų pradžioje","Vidurio ir vakarų Lietuvos regionas","Miestas ir kaimas","asmenys","2008656"
"2019","Nuolatinių gyventojų skaičius metų pradžioje","Alytaus apskritis","Miestas ir kaimas","asmenys","135906"
"2020","Nuolatinių gyventojų skaičius metų pradžioje","Alytaus apskritis","Miestas ir kaimas","asmenys","134070"
"2021","Nuolatinių gyventojų skaičius metų pradžioje","Alytaus apskritis","Miestas ir kaimas","asmenys","137741"
"2022","Nuolatinių gyventojų skaičius metų pradžioje","Alytaus apskritis","Miestas ir kaimas","asmenys","135703"
"2023","Nuolatinių gyventojų skaičius metų pradžioje","Alytaus apskritis","Miestas ir kaimas","asmenys","135367"
"2019","Nuolatinių gyventojų skaičius metų pradžioje","Alytaus m. sav.","Miestas ir kaimas","asmenys","50422"
"2020","Nuolatinių gyventojų skaičius metų pradžioje","Alytaus m. sav.","Miestas ir kaimas","asmenys","49895"
"2021","Nuolatinių gyventojų skaičius metų pradžioje","Alytaus m. sav.","Miestas ir kaimas","asmenys","52727"
"2022","Nuolatinių gyventojų skaičius metų pradžioje","Alytaus m. sav.","Miestas ir kaimas","asmenys","51793"
"2023","Nuolatinių gyventojų skaičius metų pradžioje","Alytaus m. sav.","Miestas ir kaimas","asmenys","51856"
"2019","Nuolatinių gyventojų skaičius metų pradžioje","Alytaus r. sav.","Miestas ir kaimas","asmenys","26153"
"2020","Nuolatinių gyventojų skaičius metų pradžioje","Alytaus r. sav.","Miestas ir kaimas","asmenys","25885"
"2021","Nuolatinių gyventojų skaičius metų pradžioje","Alytaus r. sav.","Miestas ir kaimas","asmenys","25581"
"2022","Nuolatinių gyventojų skaičius metų pradžioje","Alytaus r. sav.","Miestas ir kaimas","asmenys","25429"
"2023","Nuolatinių gyventojų skaičius metų pradžioje","Alytaus r. sav.","Miestas ir kaimas","asmenys","25356"
"2019","Nuolatinių gyventojų skaičius metų pradžioje","Druskininkų sav.","Miestas ir kaimas","asmenys","19360"
"2020","Nuolatinių gyventojų skaičius metų pradžioje","Druskininkų sav.","Miestas ir kaimas","asmenys","19122"
"2021","Nuolatinių gyventojų skaičius metų pradžioje","Druskininkų sav.","Miestas ir kaimas","asmenys","20049"
"2022","Nuolatinių gyventojų skaičius metų pradžioje","Druskininkų sav.","Miestas ir kaimas","asmenys","19843"
"2023","Nuolatinių gyventojų skaičius metų pradžioje","Druskininkų sav.","Miestas ir kaimas","asmenys","20229"
"2019","Nuolatinių gyventojų skaičius metų pradžioje","Lazdijų r. sav.","Miestas ir kaimas","asmenys","18695"
"2020","Nuolatinių gyventojų skaičius metų pradžioje","Lazdijų r. sav.","Miestas ir kaimas","asmenys","18324"
"2021","Nuolatinių gyventojų skaičius metų pradžioje","Lazdijų r. sav.","Miestas ir kaimas","asmenys","18247"
"2022","Nuolatinių gyventojų skaičius metų pradžioje","Lazdijų r. sav.","Miestas ir kaimas","asmenys","17892"
"2023","Nuolatinių gyventojų skaičius metų pradžioje","Lazdijų r. sav.","Miestas ir kaimas","asmenys","17452"
"2019","Nuolatinių gyventojų skaičius metų pradžioje","Varėnos r. sav.","Miestas ir kaimas","asmenys","21276"
"2020","Nuolatinių gyventojų skaičius metų pradžioje","Varėnos r. sav.","Miestas ir kaimas","asmenys","20844"
"2021","Nuolatinių gyventojų skaičius metų pradžioje","Varėnos r. sav.","Miestas ir kaimas","asmenys","21137"
"2022","Nuolatinių gyventojų skaičius metų pradžioje","Varėnos r. sav.","Miestas ir kaimas","asmenys","20746"
"2023","Nuolatinių gyventojų skaičius metų pradžioje","Varėnos r. sav.","Miestas ir kaimas","asmenys","20474"
"2019","Nuolatinių gyventojų skaičius metų pradžioje","Kauno apskritis","Miestas ir kaimas","asmenys","561430"
"2020","Nuolatinių gyventojų skaičius metų pradžioje","Kauno apskritis","Miestas ir kaimas","asmenys","562841"
"2021","Nuolatinių gyventojų skaičius metų pradžioje","Kauno apskritis","Miestas ir kaimas","asmenys","569571"
"2022","Nuolatinių gyventojų skaičius metų pradžioje","Kauno apskritis","Miestas ir kaimas","asmenys","569566"
"2023","Nuolatinių gyventojų skaičius metų pradžioje","Kauno apskritis","Miestas ir kaimas","asmenys","580333"
"2019","Nuolatinių gyventojų skaičius metų pradžioje","Birštono sav.","Miestas ir kaimas","asmenys","4117"
"2020","Nuolatinių gyventojų skaičius metų pradžioje","Birštono sav.","Miestas ir kaimas","asmenys","4066"
"2021","Nuolatinių gyventojų skaičius metų pradžioje","Birštono sav.","Miestas ir kaimas","asmenys","4128"
"2022","Nuolatinių gyventojų skaičius metų pradžioje","Birštono sav.","Miestas ir kaimas","asmenys","4081"
"2023","Nuolatinių gyventojų skaičius metų pradžioje","Birštono sav.","Miestas ir kaimas","asmenys","4120"
"2019","Nuolatinių gyventojų skaičius metų pradžioje","Jonavos r. sav.","Miestas ir kaimas","asmenys","41631"
"2020","Nuolatinių gyventojų skaičius metų pradžioje","Jonavos r. sav.","Miestas ir kaimas","asmenys","41151"
"2021","Nuolatinių gyventojų skaičius metų pradžioje","Jonavos r. sav.","Miestas ir kaimas","asmenys","41595"
"2022","Nuolatinių gyventojų skaičius metų pradžioje","Jonavos r. sav.","Miestas ir kaimas","asmenys","41248"
"2023","Nuolatinių gyventojų skaičius metų pradžioje","Jonavos r. sav.","Miestas ir kaimas","asmenys","41567"
"2019","Nuolatinių gyventojų skaičius metų pradžioje","Kaišiadorių r. sav.","Miestas ir kaimas","asmenys","29904"
"2020","Nuolatinių gyventojų skaičius metų pradžioje","Kaišiadorių r. sav.","Miestas ir kaimas","asmenys","29526"
"2021","Nuolatinių gyventojų skaičius metų pradžioje","Kaišiadorių r. sav.","Miestas ir kaimas","asmenys","29835"
"2022","Nuolatinių gyventojų skaičius metų pradžioje","Kaišiadorių r. sav.","Miestas ir kaimas","asmenys","29297"
"2023","Nuolatinių gyventojų skaičius metų pradžioje","Kaišiadorių r. sav.","Miestas ir kaimas","asmenys","29338"
"2019","Nuolatinių gyventojų skaičius metų pradžioje","Kauno m. sav.","Miestas ir kaimas","asmenys","286754"
"2020","Nuolatinių gyventojų skaičius metų pradžioje","Kauno m. sav.","Miestas ir kaimas","asmenys","289364"
"2021","Nuolatinių gyventojų skaičius metų pradžioje","Kauno m. sav.","Miestas ir kaimas","asmenys","298753"
"2022","Nuolatinių gyventojų skaičius metų pradžioje","Kauno m. sav.","Miestas ir kaimas","asmenys","297906"
"2023","Nuolatinių gyventojų skaičius metų pradžioje","Kauno m. sav.","Miestas ir kaimas","asmenys","305120"
"2019","Nuolatinių gyventojų skaičius metų pradžioje","Kauno r. sav.","Miestas ir kaimas","asmenys","95120"
"2020","Nuolatinių gyventojų skaičius metų pradžioje","Kauno r. sav.","Miestas ir kaimas","asmenys","96423"
"2021","Nuolatinių gyventojų skaičius metų pradžioje","Kauno r. sav.","Miestas ir kaimas","asmenys","92400"
"2022","Nuolatinių gyventojų skaičius metų pradžioje","Kauno r. sav.","Miestas ir kaimas","asmenys","95491"
"2023","Nuolatinių gyventojų skaičius metų pradžioje","Kauno r. sav.","Miestas ir kaimas","asmenys","99265"
"2019","Nuolatinių gyventojų skaičius metų pradžioje","Kėdainių r. sav.","Miestas ir kaimas","asmenys","45871"
"2020","Nuolatinių gyventojų skaičius metų pradžioje","Kėdainių r. sav.","Miestas ir kaimas","asmenys","45275"
"2021","Nuolatinių gyventojų skaičius metų pradžioje","Kėdainių r. sav.","Miestas ir kaimas","asmenys","46382"
"2022","Nuolatinių gyventojų skaičius metų pradžioje","Kėdainių r. sav.","Miestas ir kaimas","asmenys","45913"
"2023","Nuolatinių gyventojų skaičius metų pradžioje","Kėdainių r. sav.","Miestas ir kaimas","asmenys","45834"
"2019","Nuolatinių gyventojų skaičius metų pradžioje","Prienų r. sav.","Miestas ir kaimas","asmenys","26112"
"2020","Nuolatinių gyventojų skaičius metų pradžioje","Prienų r. sav.","Miestas ir kaimas","asmenys","25806"
"2021","Nuolatinių gyventojų skaičius metų pradžioje","Prienų r. sav.","Miestas ir kaimas","asmenys","25286"
"2022","Nuolatinių gyventojų skaičius metų pradžioje","Prienų r. sav.","Miestas ir kaimas","asmenys","25010"
"2023","Nuolatinių gyventojų skaičius metų pradžioje","Prienų r. sav.","Miestas ir kaimas","asmenys","24914"
"2019","Nuolatinių gyventojų skaičius metų pradžioje","Raseinių r. sav.","Miestas ir kaimas","asmenys","31921"
"2020","Nuolatinių gyventojų skaičius metų pradžioje","Raseinių r. sav.","Miestas ir kaimas","asmenys","31230"
"2021","Nuolatinių gyventojų skaičius metų pradžioje","Raseinių r. sav.","Miestas ir kaimas","asmenys","31192"
"2022","Nuolatinių gyventojų skaičius metų pradžioje","Raseinių r. sav.","Miestas ir kaimas","asmenys","30620"
"2023","Nuolatinių gyventojų skaičius metų pradžioje","Raseinių r. sav.","Miestas ir kaimas","asmenys","30175"
"2019","Nuolatinių gyventojų skaičius metų pradžioje","Klaipėdos apskritis","Miestas ir kaimas","asmenys","317722"
"2020","Nuolatinių gyventojų skaičius metų pradžioje","Klaipėdos apskritis","Miestas ir kaimas","asmenys","319958"
"2021","Nuolatinių gyventojų skaičius metų pradžioje","Klaipėdos apskritis","Miestas ir kaimas","asmenys","322283"
"2022","Nuolatinių gyventojų skaičius metų pradžioje","Klaipėdos apskritis","Miestas ir kaimas","asmenys","324263"
"2023","Nuolatinių gyventojų skaičius metų pradžioje","Klaipėdos apskritis","Miestas ir kaimas","asmenys","336104"
"2019","Nuolatinių gyventojų skaičius metų pradžioje","Klaipėdos m. sav.","Miestas ir kaimas","asmenys","147892"
"2020","Nuolatinių gyventojų skaičius metų pradžioje","Klaipėdos m. sav.","Miestas ir kaimas","asmenys","149116"
"2021","Nuolatinių gyventojų skaičius metų pradžioje","Klaipėdos m. sav.","Miestas ir kaimas","asmenys","152008"
"2022","Nuolatinių gyventojų skaičius metų pradžioje","Klaipėdos m. sav.","Miestas ir kaimas","asmenys","152237"
"2023","Nuolatinių gyventojų skaičius metų pradžioje","Klaipėdos m. sav.","Miestas ir kaimas","asmenys","158420"
"2019","Nuolatinių gyventojų skaičius metų pradžioje","Klaipėdos r. sav.","Miestas ir kaimas","asmenys","58439"
"2020","Nuolatinių gyventojų skaičius metų pradžioje","Klaipėdos r. sav.","Miestas ir kaimas","asmenys","60124"
"2021","Nuolatinių gyventojų skaičius metų pradžioje","Klaipėdos r. sav.","Miestas ir kaimas","asmenys","56964"
"2022","Nuolatinių gyventojų skaičius metų pradžioje","Klaipėdos r. sav.","Miestas ir kaimas","asmenys","59419"
"2023","Nuolatinių gyventojų skaičius metų pradžioje","Klaipėdos r. sav.","Miestas ir kaimas","asmenys","63862"
"2019","Nuolatinių gyventojų skaičius metų pradžioje","Kretingos r. sav.","Miestas ir kaimas","asmenys","37575"
"2020","Nuolatinių gyventojų skaičius metų pradžioje","Kretingos r. sav.","Miestas ir kaimas","asmenys","37425"
"2021","Nuolatinių gyventojų skaičius metų pradžioje","Kretingos r. sav.","Miestas ir kaimas","asmenys","37639"
"2022","Nuolatinių gyventojų skaičius metų pradžioje","Kretingos r. sav.","Miestas ir kaimas","asmenys","37404"
"2023","Nuolatinių gyventojų skaičius metų pradžioje","Kretingos r. sav.","Miestas ir kaimas","asmenys","37670"
"2019","Nuolatinių gyventojų skaičius metų pradžioje","Neringos sav.","Miestas ir kaimas","asmenys","3455"
"2020","Nuolatinių gyventojų skaičius metų pradžioje","Neringos sav.","Miestas ir kaimas","asmenys","3530"
"2021","Nuolatinių gyventojų skaičius metų pradžioje","Neringos sav.","Miestas ir kaimas","asmenys","3609"
"2022","Nuolatinių gyventojų skaičius metų pradžioje","Neringos sav.","Miestas ir kaimas","asmenys","3903"
"2023","Nuolatinių gyventojų skaičius metų pradžioje","Neringos sav.","Miestas ir kaimas","asmenys","4022"
"2019","Nuolatinių gyventojų skaičius metų pradžioje","Palangos m. sav.","Miestas ir kaimas","asmenys","15664"
"2020","Nuolatinių gyventojų skaičius metų pradžioje","Palangos m. sav.","Miestas ir kaimas","asmenys","16038"
"2021","Nuolatinių gyventojų skaičius metų pradžioje","Palangos m. sav.","Miestas ir kaimas","asmenys","16746"
"2022","Nuolatinių gyventojų skaičius metų pradžioje","Palangos m. sav.","Miestas ir kaimas","asmenys","16976"
"2023","Nuolatinių gyventojų skaičius metų pradžioje","Palangos m. sav.","Miestas ir kaimas","asmenys","18132"
"2019","Nuolatinių gyventojų skaičius metų pradžioje","Skuodo r. sav.","Miestas ir kaimas","asmenys","16493"
"2020","Nuolatinių gyventojų skaičius metų pradžioje","Skuodo r. sav.","Miestas ir kaimas","asmenys","16084"
"2021","Nuolatinių gyventojų skaičius metų pradžioje","Skuodo r. sav.","Miestas ir kaimas","asmenys","16250"
"2022","Nuolatinių gyventojų skaičius metų pradžioje","Skuodo r. sav.","Miestas ir kaimas","asmenys","15831"
"2023","Nuolatinių gyventojų skaičius metų pradžioje","Skuodo r. sav.","Miestas ir kaimas","asmenys","15484"
"2019","Nuolatinių gyventojų skaičius metų pradžioje","Šilutės r. sav.","Miestas ir kaimas","asmenys","38204"
"2020","Nuolatinių gyventojų skaičius metų pradžioje","Šilutės r. sav.","Miestas ir kaimas","asmenys","37641"
"2021","Nuolatinių gyventojų skaičius metų pradžioje","Šilutės r. sav.","Miestas ir kaimas","asmenys","39067"
"2022","Nuolatinių gyventojų skaičius metų pradžioje","Šilutės r. sav.","Miestas ir kaimas","asmenys","38493"
"2023","Nuolatinių gyventojų skaičius metų pradžioje","Šilutės r. sav.","Miestas ir kaimas","asmenys","38514"
"2019","Nuolatinių gyventojų skaičius metų pradžioje","Marijampolės apskritis","Miestas ir kaimas","asmenys","138678"
"2020","Nuolatinių gyventojų skaičius metų pradžioje","Marijampolės apskritis","Miestas ir kaimas","asmenys","136671"
"2021","Nuolatinių gyventojų skaičius metų pradžioje","Marijampolės apskritis","Miestas ir kaimas","asmenys","138292"
"2022","Nuolatinių gyventojų skaičius metų pradžioje","Marijampolės apskritis","Miestas ir kaimas","asmenys","136429"
"2023","Nuolatinių gyventojų skaičius metų pradžioje","Marijampolės apskritis","Miestas ir kaimas","asmenys","135891"
"2019","Nuolatinių gyventojų skaičius metų pradžioje","Kalvarijos sav.","Miestas ir kaimas","asmenys","10438"
"2020","Nuolatinių gyventojų skaičius metų pradžioje","Kalvarijos sav.","Miestas ir kaimas","asmenys","10187"
"2021","Nuolatinių gyventojų skaičius metų pradžioje","Kalvarijos sav.","Miestas ir kaimas","asmenys","10093"
"2022","Nuolatinių gyventojų skaičius metų pradžioje","Kalvarijos sav.","Miestas ir kaimas","asmenys","9919"
"2023","Nuolatinių gyventojų skaičius metų pradžioje","Kalvarijos sav.","Miestas ir kaimas","asmenys","9913"
"2019","Nuolatinių gyventojų skaičius metų pradžioje","Kazlų Rūdos sav.","Miestas ir kaimas","asmenys","11493"
"2020","Nuolatinių gyventojų skaičius metų pradžioje","Kazlų Rūdos sav.","Miestas ir kaimas","asmenys","11339"
"2021","Nuolatinių gyventojų skaičius metų pradžioje","Kazlų Rūdos sav.","Miestas ir kaimas","asmenys","11054"
"2022","Nuolatinių gyventojų skaičius metų pradžioje","Kazlų Rūdos sav.","Miestas ir kaimas","asmenys","10959"
"2023","Nuolatinių gyventojų skaičius metų pradžioje","Kazlų Rūdos sav.","Miestas ir kaimas","asmenys","10931"
"2019","Nuolatinių gyventojų skaičius metų pradžioje","Marijampolės sav.","Miestas ir kaimas","asmenys","54090"
"2020","Nuolatinių gyventojų skaičius metų pradžioje","Marijampolės sav.","Miestas ir kaimas","asmenys","53772"
"2021","Nuolatinių gyventojų skaičius metų pradžioje","Marijampolės sav.","Miestas ir kaimas","asmenys","54846"
"2022","Nuolatinių gyventojų skaičius metų pradžioje","Marijampolės sav.","Miestas ir kaimas","asmenys","54291"
"2023","Nuolatinių gyventojų skaičius metų pradžioje","Marijampolės sav.","Miestas ir kaimas","asmenys","54710"
"2019","Nuolatinių gyventojų skaičius metų pradžioje","Marijampolės r. sav.","Miestas ir kaimas","asmenys",
"2020","Nuolatinių gyventojų skaičius metų pradžioje","Marijampolės r. sav.","Miestas ir kaimas","asmenys",
"2021","Nuolatinių gyventojų skaičius metų pradžioje","Marijampolės r. sav.","Miestas ir kaimas","asmenys",
"2022","Nuolatinių gyventojų skaičius metų pradžioje","Marijampolės r. sav.","Miestas ir kaimas","asmenys",
"2023","Nuolatinių gyventojų skaičius metų pradžioje","Marijampolės r. sav.","Miestas ir kaimas","asmenys",
"2019","Nuolatinių gyventojų skaičius metų pradžioje","Šakių r. sav.","Miestas ir kaimas","asmenys","27341"
"2020","Nuolatinių gyventojų skaičius metų pradžioje","Šakių r. sav.","Miestas ir kaimas","asmenys","26707"
"2021","Nuolatinių gyventojų skaičius metų pradžioje","Šakių r. sav.","Miestas ir kaimas","asmenys","26931"
"2022","Nuolatinių gyventojų skaičius metų pradžioje","Šakių r. sav.","Miestas ir kaimas","asmenys","26318"
"2023","Nuolatinių gyventojų skaičius metų pradžioje","Šakių r. sav.","Miestas ir kaimas","asmenys","25918"
"2019","Nuolatinių gyventojų skaičius metų pradžioje","Vilkaviškio r. sav.","Miestas ir kaimas","asmenys","35316"
"2020","Nuolatinių gyventojų skaičius metų pradžioje","Vilkaviškio r. sav.","Miestas ir kaimas","asmenys","34666"
"2021","Nuolatinių gyventojų skaičius metų pradžioje","Vilkaviškio r. sav.","Miestas ir kaimas","asmenys","35368"
"2022","Nuolatinių gyventojų skaičius metų pradžioje","Vilkaviškio r. sav.","Miestas ir kaimas","asmenys","34942"
"2023","Nuolatinių gyventojų skaičius metų pradžioje","Vilkaviškio r. sav.","Miestas ir kaimas","asmenys","34419"
"2019","Nuolatinių gyventojų skaičius metų pradžioje","Panevėžio apskritis","Miestas ir kaimas","asmenys","214617"
"2020","Nuolatinių gyventojų skaičius metų pradžioje","Panevėžio apskritis","Miestas ir kaimas","asmenys","211189"
"2021","Nuolatinių gyventojų skaičius metų pradžioje","Panevėžio apskritis","Miestas ir kaimas","asmenys","216233"
"2022","Nuolatinių gyventojų skaičius metų pradžioje","Panevėžio apskritis","Miestas ir kaimas","asmenys","212714"
"2023","Nuolatinių gyventojų skaičius metų pradžioje","Panevėžio apskritis","Miestas ir kaimas","asmenys","211652"
"2019","Nuolatinių gyventojų skaičius metų pradžioje","Biržų r. sav.","Miestas ir kaimas","asmenys","23172"
"2020","Nuolatinių gyventojų skaičius metų pradžioje","Biržų r. sav.","Miestas ir kaimas","asmenys","22719"
"2021","Nuolatinių gyventojų skaičius metų pradžioje","Biržų r. sav.","Miestas ir kaimas","asmenys","23314"
"2022","Nuolatinių gyventojų skaičius metų pradžioje","Biržų r. sav.","Miestas ir kaimas","asmenys","22756"
"2023","Nuolatinių gyventojų skaičius metų pradžioje","Biržų r. sav.","Miestas ir kaimas","asmenys","22442"
"2019","Nuolatinių gyventojų skaičius metų pradžioje","Kupiškio r. sav.","Miestas ir kaimas","asmenys","16756"
"2020","Nuolatinių gyventojų skaičius metų pradžioje","Kupiškio r. sav.","Miestas ir kaimas","asmenys","16356"
"2021","Nuolatinių gyventojų skaičius metų pradžioje","Kupiškio r. sav.","Miestas ir kaimas","asmenys","16530"
"2022","Nuolatinių gyventojų skaičius metų pradžioje","Kupiškio r. sav.","Miestas ir kaimas","asmenys","16232"
"2023","Nuolatinių gyventojų skaičius metų pradžioje","Kupiškio r. sav.","Miestas ir kaimas","asmenys","15986"
"2019","Nuolatinių gyventojų skaičius metų pradžioje","Panevėžio m. sav.","Miestas ir kaimas","asmenys","87139"
"2020","Nuolatinių gyventojų skaičius metų pradžioje","Panevėžio m. sav.","Miestas ir kaimas","asmenys","85885"
"2021","Nuolatinių gyventojų skaičius metų pradžioje","Panevėžio m. sav.","Miestas ir kaimas","asmenys","89100"
"2022","Nuolatinių gyventojų skaičius metų pradžioje","Panevėžio m. sav.","Miestas ir kaimas","asmenys","87590"
"2023","Nuolatinių gyventojų skaičius metų pradžioje","Panevėžio m. sav.","Miestas ir kaimas","asmenys","87913"
"2019","Nuolatinių gyventojų skaičius metų pradžioje","Panevėžio r. sav.","Miestas ir kaimas","asmenys","35445"
"2020","Nuolatinių gyventojų skaičius metų pradžioje","Panevėžio r. sav.","Miestas ir kaimas","asmenys","35328"
"2021","Nuolatinių gyventojų skaičius metų pradžioje","Panevėžio r. sav.","Miestas ir kaimas","asmenys","35426"
"2022","Nuolatinių gyventojų skaičius metų pradžioje","Panevėžio r. sav.","Miestas ir kaimas","asmenys","35264"
"2023","Nuolatinių gyventojų skaičius metų pradžioje","Panevėžio r. sav.","Miestas ir kaimas","asmenys","35225"
"2019","Nuolatinių gyventojų skaičius metų pradžioje","Pasvalio r. sav.","Miestas ir kaimas","asmenys","23377"
"2020","Nuolatinių gyventojų skaičius metų pradžioje","Pasvalio r. sav.","Miestas ir kaimas","asmenys","22829"
"2021","Nuolatinių gyventojų skaičius metų pradžioje","Pasvalio r. sav.","Miestas ir kaimas","asmenys","23148"
"2022","Nuolatinių gyventojų skaičius metų pradžioje","Pasvalio r. sav.","Miestas ir kaimas","asmenys","22668"
"2023","Nuolatinių gyventojų skaičius metų pradžioje","Pasvalio r. sav.","Miestas ir kaimas","asmenys","22296"
"2019","Nuolatinių gyventojų skaičius metų pradžioje","Rokiškio r. sav.","Miestas ir kaimas","asmenys","28728"
"2020","Nuolatinių gyventojų skaičius metų pradžioje","Rokiškio r. sav.","Miestas ir kaimas","asmenys","28072"
"2021","Nuolatinių gyventojų skaičius metų pradžioje","Rokiškio r. sav.","Miestas ir kaimas","asmenys","28715"
"2022","Nuolatinių gyventojų skaičius metų pradžioje","Rokiškio r. sav.","Miestas ir kaimas","asmenys","28204"
"2023","Nuolatinių gyventojų skaičius metų pradžioje","Rokiškio r. sav.","Miestas ir kaimas","asmenys","27790"
"2019","Nuolatinių gyventojų skaičius metų pradžioje","Šiaulių apskritis","Miestas ir kaimas","asmenys","262487"
"2020","Nuolatinių gyventojų skaičius metų pradžioje","Šiaulių apskritis","Miestas ir kaimas","asmenys","261452"
"2021","Nuolatinių gyventojų skaičius metų pradžioje","Šiaulių apskritis","Miestas ir kaimas","asmenys","262220"
"2022","Nuolatinių gyventojų skaičius metų pradžioje","Šiaulių apskritis","Miestas ir kaimas","asmenys","261145"
"2023","Nuolatinių gyventojų skaičius metų pradžioje","Šiaulių apskritis","Miestas ir kaimas","asmenys","261764"
"2019","Nuolatinių gyventojų skaičius metų pradžioje","Akmenės r. sav.","Miestas ir kaimas","asmenys","19124"
"2020","Nuolatinių gyventojų skaičius metų pradžioje","Akmenės r. sav.","Miestas ir kaimas","asmenys","18772"
"2021","Nuolatinių gyventojų skaičius metų pradžioje","Akmenės r. sav.","Miestas ir kaimas","asmenys","19585"
"2022","Nuolatinių gyventojų skaičius metų pradžioje","Akmenės r. sav.","Miestas ir kaimas","asmenys","19259"
"2023","Nuolatinių gyventojų skaičius metų pradžioje","Akmenės r. sav.","Miestas ir kaimas","asmenys","19286"
"2019","Nuolatinių gyventojų skaičius metų pradžioje","Joniškio r. sav.","Miestas ir kaimas","asmenys","21115"
"2020","Nuolatinių gyventojų skaičius metų pradžioje","Joniškio r. sav.","Miestas ir kaimas","asmenys","20730"
"2021","Nuolatinių gyventojų skaičius metų pradžioje","Joniškio r. sav.","Miestas ir kaimas","asmenys","21284"
"2022","Nuolatinių gyventojų skaičius metų pradžioje","Joniškio r. sav.","Miestas ir kaimas","asmenys","20898"
"2023","Nuolatinių gyventojų skaičius metų pradžioje","Joniškio r. sav.","Miestas ir kaimas","asmenys","20534"
"2019","Nuolatinių gyventojų skaičius metų pradžioje","Kelmės r. sav.","Miestas ir kaimas","asmenys","26019"
"2020","Nuolatinių gyventojų skaičius metų pradžioje","Kelmės r. sav.","Miestas ir kaimas","asmenys","25383"
"2021","Nuolatinių gyventojų skaičius metų pradžioje","Kelmės r. sav.","Miestas ir kaimas","asmenys","26026"
"2022","Nuolatinių gyventojų skaičius metų pradžioje","Kelmės r. sav.","Miestas ir kaimas","asmenys","25401"
"2023","Nuolatinių gyventojų skaičius metų pradžioje","Kelmės r. sav.","Miestas ir kaimas","asmenys","24876"
"2019","Nuolatinių gyventojų skaičius metų pradžioje","Pakruojo r. sav.","Miestas ir kaimas","asmenys","19071"
"2020","Nuolatinių gyventojų skaičius metų pradžioje","Pakruojo r. sav.","Miestas ir kaimas","asmenys","18607"
"2021","Nuolatinių gyventojų skaičius metų pradžioje","Pakruojo r. sav.","Miestas ir kaimas","asmenys","18827"
"2022","Nuolatinių gyventojų skaičius metų pradžioje","Pakruojo r. sav.","Miestas ir kaimas","asmenys","18497"
"2023","Nuolatinių gyventojų skaičius metų pradžioje","Pakruojo r. sav.","Miestas ir kaimas","asmenys","18063"
"2019","Nuolatinių gyventojų skaičius metų pradžioje","Radviliškio r. sav.","Miestas ir kaimas","asmenys","35520"
"2020","Nuolatinių gyventojų skaičius metų pradžioje","Radviliškio r. sav.","Miestas ir kaimas","asmenys","35002"
"2021","Nuolatinių gyventojų skaičius metų pradžioje","Radviliškio r. sav.","Miestas ir kaimas","asmenys","34928"
"2022","Nuolatinių gyventojų skaičius metų pradžioje","Radviliškio r. sav.","Miestas ir kaimas","asmenys","34559"
"2023","Nuolatinių gyventojų skaičius metų pradžioje","Radviliškio r. sav.","Miestas ir kaimas","asmenys","34067"
"2019","Nuolatinių gyventojų skaičius metų pradžioje","Šiaulių m. sav.","Miestas ir kaimas","asmenys","100131"
"2020","Nuolatinių gyventojų skaičius metų pradžioje","Šiaulių m. sav.","Miestas ir kaimas","asmenys","101511"
"2021","Nuolatinių gyventojų skaičius metų pradžioje","Šiaulių m. sav.","Miestas ir kaimas","asmenys","100653"
"2022","Nuolatinių gyventojų skaičius metų pradžioje","Šiaulių m. sav.","Miestas ir kaimas","asmenys","101756"
"2023","Nuolatinių gyventojų skaičius metų pradžioje","Šiaulių m. sav.","Miestas ir kaimas","asmenys","104300"
"2019","Nuolatinių gyventojų skaičius metų pradžioje","Šiaulių r. sav.","Miestas ir kaimas","asmenys","41507"
"2020","Nuolatinių gyventojų skaičius metų pradžioje","Šiaulių r. sav.","Miestas ir kaimas","asmenys","41447"
"2021","Nuolatinių gyventojų skaičius metų pradžioje","Šiaulių r. sav.","Miestas ir kaimas","asmenys","40917"
"2022","Nuolatinių gyventojų skaičius metų pradžioje","Šiaulių r. sav.","Miestas ir kaimas","asmenys","40775"
"2023","Nuolatinių gyventojų skaičius metų pradžioje","Šiaulių r. sav.","Miestas ir kaimas","asmenys","40638"
"2019","Nuolatinių gyventojų skaičius metų pradžioje","Tauragės apskritis","Miestas ir kaimas","asmenys","93695"
"2020","Nuolatinių gyventojų skaičius metų pradžioje","Tauragės apskritis","Miestas ir kaimas","asmenys","91822"
"2021","Nuolatinių gyventojų skaičius metų pradžioje","Tauragės apskritis","Miestas ir kaimas","asmenys","92667"
"2022","Nuolatinių gyventojų skaičius metų pradžioje","Tauragės apskritis","Miestas ir kaimas","asmenys","90893"
"2023","Nuolatinių gyventojų skaičius metų pradžioje","Tauragės apskritis","Miestas ir kaimas","asmenys","90652"
"2019","Nuolatinių gyventojų skaičius metų pradžioje","Jurbarko r. sav.","Miestas ir kaimas","asmenys","25452"
"2020","Nuolatinių gyventojų skaičius metų pradžioje","Jurbarko r. sav.","Miestas ir kaimas","asmenys","24835"
"2021","Nuolatinių gyventojų skaičius metų pradžioje","Jurbarko r. sav.","Miestas ir kaimas","asmenys","25174"
"2022","Nuolatinių gyventojų skaičius metų pradžioje","Jurbarko r. sav.","Miestas ir kaimas","asmenys","24668"
"2023","Nuolatinių gyventojų skaičius metų pradžioje","Jurbarko r. sav.","Miestas ir kaimas","asmenys","24803"
"2019","Nuolatinių gyventojų skaičius metų pradžioje","Pagėgių sav.","Miestas ir kaimas","asmenys","7543"
"2020","Nuolatinių gyventojų skaičius metų pradžioje","Pagėgių sav.","Miestas ir kaimas","asmenys","7285"
"2021","Nuolatinių gyventojų skaičius metų pradžioje","Pagėgių sav.","Miestas ir kaimas","asmenys","7440"
"2022","Nuolatinių gyventojų skaičius metų pradžioje","Pagėgių sav.","Miestas ir kaimas","asmenys","7236"
"2023","Nuolatinių gyventojų skaičius metų pradžioje","Pagėgių sav.","Miestas ir kaimas","asmenys","7088"
"2019","Nuolatinių gyventojų skaičius metų pradžioje","Šilalės r. sav.","Miestas ir kaimas","asmenys","22410"
"2020","Nuolatinių gyventojų skaičius metų pradžioje","Šilalės r. sav.","Miestas ir kaimas","asmenys","21899"
"2021","Nuolatinių gyventojų skaičius metų pradžioje","Šilalės r. sav.","Miestas ir kaimas","asmenys","22051"
"2022","Nuolatinių gyventojų skaičius metų pradžioje","Šilalės r. sav.","Miestas ir kaimas","asmenys","21586"
"2023","Nuolatinių gyventojų skaičius metų pradžioje","Šilalės r. sav.","Miestas ir kaimas","asmenys","21179"
"2019","Nuolatinių gyventojų skaičius metų pradžioje","Tauragės r. sav.","Miestas ir kaimas","asmenys","38290"
"2020","Nuolatinių gyventojų skaičius metų pradžioje","Tauragės r. sav.","Miestas ir kaimas","asmenys","37803"
"2021","Nuolatinių gyventojų skaičius metų pradžioje","Tauragės r. sav.","Miestas ir kaimas","asmenys","38002"
"2022","Nuolatinių gyventojų skaičius metų pradžioje","Tauragės r. sav.","Miestas ir kaimas","asmenys","37403"
"2023","Nuolatinių gyventojų skaičius metų pradžioje","Tauragės r. sav.","Miestas ir kaimas","asmenys","37582"
"2019","Nuolatinių gyventojų skaičius metų pradžioje","Telšių apskritis","Miestas ir kaimas","asmenys","132082"
"2020","Nuolatinių gyventojų skaičius metų pradžioje","Telšių apskritis","Miestas ir kaimas","asmenys","130613"
"2021","Nuolatinių gyventojų skaičius metų pradžioje","Telšių apskritis","Miestas ir kaimas","asmenys","133376"
"2022","Nuolatinių gyventojų skaičius metų pradžioje","Telšių apskritis","Miestas ir kaimas","asmenys","131691"
"2023","Nuolatinių gyventojų skaičius metų pradžioje","Telšių apskritis","Miestas ir kaimas","asmenys","131431"
"2019","Nuolatinių gyventojų skaičius metų pradžioje","Mažeikių r. sav.","Miestas ir kaimas","asmenys","51497"
"2020","Nuolatinių gyventojų skaičius metų pradžioje","Mažeikių r. sav.","Miestas ir kaimas","asmenys","51056"
"2021","Nuolatinių gyventojų skaičius metų pradžioje","Mažeikių r. sav.","Miestas ir kaimas","asmenys","52120"
"2022","Nuolatinių gyventojų skaičius metų pradžioje","Mažeikių r. sav.","Miestas ir kaimas","asmenys","51612"
"2023","Nuolatinių gyventojų skaičius metų pradžioje","Mažeikių r. sav.","Miestas ir kaimas","asmenys","51830"
"2019","Nuolatinių gyventojų skaičius metų pradžioje","Plungės r. sav.","Miestas ir kaimas","asmenys","33284"
"2020","Nuolatinių gyventojų skaičius metų pradžioje","Plungės r. sav.","Miestas ir kaimas","asmenys","32991"
"2021","Nuolatinių gyventojų skaičius metų pradžioje","Plungės r. sav.","Miestas ir kaimas","asmenys","33665"
"2022","Nuolatinių gyventojų skaičius metų pradžioje","Plungės r. sav.","Miestas ir kaimas","asmenys","33251"
"2023","Nuolatinių gyventojų skaičius metų pradžioje","Plungės r. sav.","Miestas ir kaimas","asmenys","33207"
"2019","Nuolatinių gyventojų skaičius metų pradžioje","Rietavo sav.","Miestas ir kaimas","asmenys","7413"
"2020","Nuolatinių gyventojų skaičius metų pradžioje","Rietavo sav.","Miestas ir kaimas","asmenys","7260"
"2021","Nuolatinių gyventojų skaičius metų pradžioje","Rietavo sav.","Miestas ir kaimas","asmenys","7381"
"2022","Nuolatinių gyventojų skaičius metų pradžioje","Rietavo sav.","Miestas ir kaimas","asmenys","7292"
"2023","Nuolatinių gyventojų skaičius metų pradžioje","Rietavo sav.","Miestas ir kaimas","asmenys","7253"
"2019","Nuolatinių gyventojų skaičius metų pradžioje","Telšių r. sav.","Miestas ir kaimas","asmenys","39888"
"2020","Nuolatinių gyventojų skaičius metų pradžioje","Telšių r. sav.","Miestas ir kaimas","asmenys","39306"
"2021","Nuolatinių gyventojų skaičius metų pradžioje","Telšių r. sav.","Miestas ir kaimas","asmenys","40210"
"2022","Nuolatinių gyventojų skaičius metų pradžioje","Telšių r. sav.","Miestas ir kaimas","asmenys","39536"
"2023","Nuolatinių gyventojų skaičius metų pradžioje","Telšių r. sav.","Miestas ir kaimas","asmenys","39141"
"2019","Nuolatinių gyventojų skaičius metų pradžioje","Utenos apskritis","Miestas ir kaimas","asmenys","127029"
"2020","Nuolatinių gyventojų skaičius metų pradžioje","Utenos apskritis","Miestas ir kaimas","asmenys","124963"
"2021","Nuolatinių gyventojų skaičius metų pradžioje","Utenos apskritis","Miestas ir kaimas","asmenys","127581"
"2022","Nuolatinių gyventojų skaičius metų pradžioje","Utenos apskritis","Miestas ir kaimas","asmenys","125644"
"2023","Nuolatinių gyventojų skaičius metų pradžioje","Utenos apskritis","Miestas ir kaimas","asmenys","125462"
"2019","Nuolatinių gyventojų skaičius metų pradžioje","Anykščių r. sav.","Miestas ir kaimas","asmenys","23602"
"2020","Nuolatinių gyventojų skaičius metų pradžioje","Anykščių r. sav.","Miestas ir kaimas","asmenys","23038"
"2021","Nuolatinių gyventojų skaičius metų pradžioje","Anykščių r. sav.","Miestas ir kaimas","asmenys","23321"
"2022","Nuolatinių gyventojų skaičius metų pradžioje","Anykščių r. sav.","Miestas ir kaimas","asmenys","22794"
"2023","Nuolatinių gyventojų skaičius metų pradžioje","Anykščių r. sav.","Miestas ir kaimas","asmenys","22651"
"2019","Nuolatinių gyventojų skaičius metų pradžioje","Ignalinos r. sav.","Miestas ir kaimas","asmenys","14868"
"2020","Nuolatinių gyventojų skaičius metų pradžioje","Ignalinos r. sav.","Miestas ir kaimas","asmenys","14430"
"2021","Nuolatinių gyventojų skaičius metų pradžioje","Ignalinos r. sav.","Miestas ir kaimas","asmenys","14782"
"2022","Nuolatinių gyventojų skaičius metų pradžioje","Ignalinos r. sav.","Miestas ir kaimas","asmenys","14464"
"2023","Nuolatinių gyventojų skaičius metų pradžioje","Ignalinos r. sav.","Miestas ir kaimas","asmenys","14120"
"2019","Nuolatinių gyventojų skaičius metų pradžioje","Molėtų r. sav.","Miestas ir kaimas","asmenys","17436"
"2020","Nuolatinių gyventojų skaičius metų pradžioje","Molėtų r. sav.","Miestas ir kaimas","asmenys","17153"
"2021","Nuolatinių gyventojų skaičius metų pradžioje","Molėtų r. sav.","Miestas ir kaimas","asmenys","17222"
"2022","Nuolatinių gyventojų skaičius metų pradžioje","Molėtų r. sav.","Miestas ir kaimas","asmenys","16926"
"2023","Nuolatinių gyventojų skaičius metų pradžioje","Molėtų r. sav.","Miestas ir kaimas","asmenys","16732"
"2019","Nuolatinių gyventojų skaičius metų pradžioje","Utenos r. sav.","Miestas ir kaimas","asmenys","37435"
"2020","Nuolatinių gyventojų skaičius metų pradžioje","Utenos r. sav.","Miestas ir kaimas","asmenys","37184"
"2021","Nuolatinių gyventojų skaičius metų pradžioje","Utenos r. sav.","Miestas ir kaimas","asmenys","37509"
"2022","Nuolatinių gyventojų skaičius metų pradžioje","Utenos r. sav.","Miestas ir kaimas","asmenys","37266"
"2023","Nuolatinių gyventojų skaičius metų pradžioje","Utenos r. sav.","Miestas ir kaimas","asmenys","37555"
"2019","Nuolatinių gyventojų skaičius metų pradžioje","Visagino sav.","Miestas ir kaimas","asmenys","18414"
"2020","Nuolatinių gyventojų skaičius metų pradžioje","Visagino sav.","Miestas ir kaimas","asmenys","18243"
"2021","Nuolatinių gyventojų skaičius metų pradžioje","Visagino sav.","Miestas ir kaimas","asmenys","19633"
"2022","Nuolatinių gyventojų skaičius metų pradžioje","Visagino sav.","Miestas ir kaimas","asmenys","19404"
"2023","Nuolatinių gyventojų skaičius metų pradžioje","Visagino sav.","Miestas ir kaimas","asmenys","19826"
"2019","Nuolatinių gyventojų skaičius metų pradžioje","Zarasų r. sav.","Miestas ir kaimas","asmenys","15274"
"2020","Nuolatinių gyventojų skaičius metų pradžioje","Zarasų r. sav.","Miestas ir kaimas","asmenys","14915"
"2021","Nuolatinių gyventojų skaičius metų pradžioje","Zarasų r. sav.","Miestas ir kaimas","asmenys","15114"
"2022","Nuolatinių gyventojų skaičius metų pradžioje","Zarasų r. sav.","Miestas ir kaimas","asmenys","14790"
"2023","Nuolatinių gyventojų skaičius metų pradžioje","Zarasų r. sav.","Miestas ir kaimas","asmenys","14578"
